{"k": [0.01, 0.010985411419875584, 0.012067926406393288, 0.013257113655901088, 0.014563484775012436, 0.015998587196060583, 0.017575106248547922, 0.019306977288832496, 0.021209508879201904, 0.023299518105153717, 0.025595479226995357, 0.028117686979742307, 0.030888435964774818, 0.03393221771895328, 0.0372759372031494, 0.040949150623804234, 0.04498432668969444, 0.04941713361323833, 0.054286754393238594, 0.05963623316594643, 0.0655128556859551, 0.07196856730011521, 0.07906043210907697, 0.08685113737513525, 0.09540954763499938, 0.10481131341546858, 0.1151395399326447, 0.12648552168552957, 0.13894954943731375, 0.15264179671752334, 0.16768329368110074, 0.18420699693267154, 0.20235896477251566, 0.22229964825261944, 0.2442053094548651, 0.2682695795279725, 0.29470517025518095, 0.32374575428176433, 0.35564803062231287, 0.3906939937054615, 0.42919342601287763, 0.47148663634573923, 0.517947467923121, 0.5689866029018296, 0.6250551925273969, 0.6866488450042998, 0.7543120063354615, 0.8286427728546842, 0.9102981779915218, 1.0], "pk": [23453.8857315133, 24265.092672937513, 24958.433229985472, 25505.98723936837, 25878.5902843245, 26047.11052181536, 25984.285160510997, 25667.313804383295, 25081.257709302645, 24223.03279668432, 23105.75752634379, 21762.674677868134, 20249.560670578954, 18643.975201575435, 17035.711214902673, 15504.9257842107, 14163.192531753746, 13055.527078344705, 12153.625761998162, 11405.457220959799, 10674.911812850863, 9790.538944920807, 8669.826192324945, 7396.598591892678, 6192.975981214502, 5293.035632273311, 4752.35653988511, 4363.257685683113, 3811.425823691195, 3108.702008862011, 2566.2357573005006, 2283.8704867053357, 1980.8196629389388, 1596.7763167457347, 1356.7385712090004, 1158.6054396934176, 941.5906208383296, 798.1446760065261, 653.0344848662105, 543.9461165295527, 445.36413135206885, 366.7433956777289, 300.25903869981005, 245.10555818914403, 199.70774447885722, 162.38285737565127, 131.67295155989927, 106.52749810320637, 86.02011226919043, 69.32706882101066]}